                  epoch,         train/box_loss,         train/cls_loss,         train/dfl_loss,   metrics/precision(B),      metrics/recall(B),       metrics/mAP50(B),    metrics/mAP50-95(B),           val/box_loss,           val/cls_loss,           val/dfl_loss,                 lr/pg0,                 lr/pg1,                 lr/pg2
                      0,                0.76651,                0.35941,                0.82586,                0.96799,                0.85031,                0.92264,                0.71464,                0.95107,                 0.4552,                0.79583,              0.0033325,              0.0033325,              0.0033325
                      1,                0.80577,                0.38103,                0.82974,                0.96661,                0.85419,                0.92661,                0.71284,                0.95148,                0.45336,                0.79716,              0.0066328,              0.0066328,              0.0066328
                      2,                 0.9088,                0.43562,                 0.8468,                0.96763,                0.84661,                  0.918,                0.67859,                 1.0422,                0.51613,                0.81016,              0.0099002,              0.0099002,              0.0099002
                      3,                 1.0433,                0.50809,                0.86799,                0.96615,                0.84531,                0.91356,                  0.673,                 1.0421,                0.51868,                 0.8092,              0.0098515,              0.0098515,              0.0098515
